threads = 2; r = 1; it = 100; time = 13.630734; true time = 13.630734; total count = 1599600000; true count = 1599600000; count 1 = 0, count 2 = 1599600000, count 3 = 0
threads = 2; r = 2; it = 100; time = 13.115178; true time = 13.115178; total count = 1599600000; true count = 1599600000; count 1 = 300000, count 2 = 1599000000, count 3 = 300000
threads = 2; r = 3; it = 102; time = 13.197335; true time = 12.938564; total count = 1631592000; true count = 1599600000; count 1 = 612000, count 2 = 1630368000, count 3 = 612000
threads = 2; r = 4; it = 100; time = 16.183875; true time = 16.183875; total count = 1599600000; true count = 1599600000; count 1 = 900000, count 2 = 1597800000, count 3 = 900000
threads = 2; r = 5; it = 100; time = 15.674346; true time = 15.674346; total count = 1599600000; true count = 1599600000; count 1 = 1200000, count 2 = 1597200000, count 3 = 1200000
threads = 2; r = 6; it = 102; time = 18.489974; true time = 18.127425; total count = 1631592000; true count = 1599600000; count 1 = 1530000, count 2 = 1628532000, count 3 = 1530000
threads = 2; r = 7; it = 105; time = 18.190784; true time = 17.324556; total count = 1679580000; true count = 1599600000; count 1 = 1890000, count 2 = 1675800000, count 3 = 1890000
threads = 2; r = 8; it = 104; time = 17.433930; true time = 16.763394; total count = 1663584000; true count = 1599600000; count 1 = 2184000, count 2 = 1659216000, count 3 = 2184000
threads = 2; r = 9; it = 108; time = 17.196167; true time = 15.922377; total count = 1727568000; true count = 1599600000; count 1 = 2592000, count 2 = 1722384000, count 3 = 2592000
threads = 2; r = 10; it = 100; time = 16.955161; true time = 16.955161; total count = 1599600000; true count = 1599600000; count 1 = 2700000, count 2 = 1594200000, count 3 = 2700000
threads = 2; r = 11; it = 110; time = 18.196677; true time = 16.542433; total count = 1759560000; true count = 1599600000; count 1 = 3300000, count 2 = 1752960000, count 3 = 3300000
threads = 2; r = 12; it = 108; time = 18.585270; true time = 17.208584; total count = 1727568000; true count = 1599600000; count 1 = 3564000, count 2 = 1720440000, count 3 = 3564000
threads = 2; r = 13; it = 104; time = 17.612775; true time = 16.935361; total count = 1663584000; true count = 1599600000; count 1 = 3744000, count 2 = 1656096000, count 3 = 3744000
threads = 2; r = 14; it = 112; time = 19.087674; true time = 17.042566; total count = 1791552000; true count = 1599600000; count 1 = 4368000, count 2 = 1782816000, count 3 = 4368000
threads = 2; r = 15; it = 105; time = 16.280518; true time = 15.505255; total count = 1679580000; true count = 1599600000; count 1 = 4410000, count 2 = 1670760000, count 3 = 4410000
threads = 2; r = 16; it = 112; time = 17.696813; true time = 15.800726; total count = 1791552000; true count = 1599600000; count 1 = 5040000, count 2 = 1781472000, count 3 = 5040000
threads = 2; r = 17; it = 102; time = 17.715610; true time = 17.368245; total count = 1631592000; true count = 1599600000; count 1 = 4896000, count 2 = 1621800000, count 3 = 4896000
threads = 2; r = 18; it = 108; time = 18.799834; true time = 17.407253; total count = 1727568000; true count = 1599600000; count 1 = 5508000, count 2 = 1716552000, count 3 = 5508000
threads = 2; r = 19; it = 114; time = 20.038340; true time = 17.577491; total count = 1823544000; true count = 1599600000; count 1 = 6156000, count 2 = 1811232000, count 3 = 6156000
threads = 2; r = 20; it = 100; time = 16.994194; true time = 16.994194; total count = 1599600000; true count = 1599600000; count 1 = 5700000, count 2 = 1588200000, count 3 = 5700000

threads = 2; r = 1; it = 100; time = 17.985903; true time = 17.985903; total count = 1599600000; true count = 1599600000; count 1 = 0, count 2 = 1599600000, count 3 = 0
threads = 2; r = 2; it = 100; time = 17.536319; true time = 17.536319; total count = 1599600000; true count = 1599600000; count 1 = 300000, count 2 = 1599000000, count 3 = 300000
threads = 2; r = 3; it = 102; time = 17.007926; true time = 16.674437; total count = 1631592000; true count = 1599600000; count 1 = 612000, count 2 = 1630368000, count 3 = 612000
threads = 2; r = 4; it = 100; time = 16.615550; true time = 16.615550; total count = 1599600000; true count = 1599600000; count 1 = 900000, count 2 = 1597800000, count 3 = 900000
threads = 2; r = 5; it = 100; time = 17.714416; true time = 17.714416; total count = 1599600000; true count = 1599600000; count 1 = 1200000, count 2 = 1597200000, count 3 = 1200000
threads = 2; r = 6; it = 102; time = 16.810262; true time = 16.480649; total count = 1631592000; true count = 1599600000; count 1 = 1530000, count 2 = 1628532000, count 3 = 1530000
threads = 2; r = 7; it = 105; time = 17.871813; true time = 17.020774; total count = 1679580000; true count = 1599600000; count 1 = 1890000, count 2 = 1675800000, count 3 = 1890000
threads = 2; r = 8; it = 104; time = 16.442937; true time = 15.810516; total count = 1663584000; true count = 1599600000; count 1 = 2184000, count 2 = 1659216000, count 3 = 2184000
threads = 2; r = 9; it = 108; time = 17.343635; true time = 16.058921; total count = 1727568000; true count = 1599600000; count 1 = 2592000, count 2 = 1722384000, count 3 = 2592000
threads = 2; r = 10; it = 100; time = 17.300965; true time = 17.300965; total count = 1599600000; true count = 1599600000; count 1 = 2700000, count 2 = 1594200000, count 3 = 2700000
threads = 2; r = 11; it = 110; time = 16.124918; true time = 14.659016; total count = 1759560000; true count = 1599600000; count 1 = 3300000, count 2 = 1752960000, count 3 = 3300000
threads = 2; r = 12; it = 108; time = 19.100007; true time = 17.685192; total count = 1727568000; true count = 1599600000; count 1 = 3564000, count 2 = 1720440000, count 3 = 3564000
threads = 2; r = 13; it = 104; time = 18.967763; true time = 18.238233; total count = 1663584000; true count = 1599600000; count 1 = 3744000, count 2 = 1656096000, count 3 = 3744000
threads = 2; r = 14; it = 112; time = 17.108460; true time = 15.275411; total count = 1791552000; true count = 1599600000; count 1 = 4368000, count 2 = 1782816000, count 3 = 4368000
threads = 2; r = 15; it = 105; time = 18.927639; true time = 18.026323; total count = 1679580000; true count = 1599600000; count 1 = 4410000, count 2 = 1670760000, count 3 = 4410000
threads = 2; r = 16; it = 112; time = 19.042112; true time = 17.001886; total count = 1791552000; true count = 1599600000; count 1 = 5040000, count 2 = 1781472000, count 3 = 5040000
threads = 2; r = 17; it = 102; time = 17.548191; true time = 17.204109; total count = 1631592000; true count = 1599600000; count 1 = 4896000, count 2 = 1621800000, count 3 = 4896000
threads = 2; r = 18; it = 108; time = 19.829328; true time = 18.360489; total count = 1727568000; true count = 1599600000; count 1 = 5508000, count 2 = 1716552000, count 3 = 5508000
threads = 2; r = 19; it = 114; time = 18.616762; true time = 16.330493; total count = 1823544000; true count = 1599600000; count 1 = 6156000, count 2 = 1811232000, count 3 = 6156000
threads = 2; r = 20; it = 100; time = 17.015465; true time = 17.015465; total count = 1599600000; true count = 1599600000; count 1 = 5700000, count 2 = 1588200000, count 3 = 5700000

=======================================

threads = 4; r = 1; it = 100; time = 60.529061; true time = 60.529061; total count = 1599600000; true count = 1599600000; count 1 = 0, count 2 = 1599600000, count 3 = 0
threads = 4; r = 2; it = 100; time = 60.365753; true time = 60.365753; total count = 1599600000; true count = 1599600000; count 1 = 700000, count 2 = 1598200000, count 3 = 700000
threads = 4; r = 3; it = 102; time = 61.973710; true time = 60.758539; total count = 1631592000; true count = 1599600000; count 1 = 1428000, count 2 = 1628736000, count 3 = 1428000
threads = 4; r = 4; it = 100; time = 60.202277; true time = 60.202277; total count = 1599600000; true count = 1599600000; count 1 = 2100000, count 2 = 1595400000, count 3 = 2100000
threads = 4; r = 5; it = 100; time = 60.526152; true time = 60.526152; total count = 1599600000; true count = 1599600000; count 1 = 2800000, count 2 = 1594000000, count 3 = 2800000
threads = 4; r = 6; it = 102; time = 61.535826; true time = 60.329241; total count = 1631592000; true count = 1599600000; count 1 = 3570000, count 2 = 1624452000, count 3 = 3570000
threads = 4; r = 7; it = 105; time = 63.496537; true time = 60.472892; total count = 1679580000; true count = 1599600000; count 1 = 4410000, count 2 = 1670760000, count 3 = 4410000
threads = 4; r = 8; it = 104; time = 63.386437; true time = 60.948498; total count = 1663584000; true count = 1599600000; count 1 = 5096000, count 2 = 1653392000, count 3 = 5096000
threads = 4; r = 9; it = 108; time = 65.222643; true time = 60.391337; total count = 1727568000; true count = 1599600000; count 1 = 6048000, count 2 = 1715472000, count 3 = 6048000
threads = 4; r = 10; it = 100; time = 60.622653; true time = 60.622653; total count = 1599600000; true count = 1599600000; count 1 = 6300000, count 2 = 1587000000, count 3 = 6300000
threads = 4; r = 11; it = 110; time = 67.939257; true time = 61.762961; total count = 1759560000; true count = 1599600000; count 1 = 7700000, count 2 = 1744160000, count 3 = 7700000
threads = 4; r = 12; it = 108; time = 64.656573; true time = 59.867197; total count = 1727568000; true count = 1599600000; count 1 = 8316000, count 2 = 1710936000, count 3 = 8316000
threads = 4; r = 13; it = 104; time = 61.998385; true time = 59.613832; total count = 1663584000; true count = 1599600000; count 1 = 8736000, count 2 = 1646112000, count 3 = 8736000
threads = 4; r = 14; it = 112; time = 68.127626; true time = 60.828238; total count = 1791552000; true count = 1599600000; count 1 = 10192000, count 2 = 1771168000, count 3 = 10192000
threads = 4; r = 15; it = 105; time = 65.256078; true time = 62.148646; total count = 1679580000; true count = 1599600000; count 1 = 10290000, count 2 = 1659000000, count 3 = 10290000
threads = 4; r = 16; it = 112; time = 70.113427; true time = 62.601274; total count = 1791552000; true count = 1599600000; count 1 = 11760000, count 2 = 1768032000, count 3 = 11760000
threads = 4; r = 17; it = 102; time = 63.893273; true time = 62.640464; total count = 1631592000; true count = 1599600000; count 1 = 11424000, count 2 = 1608744000, count 3 = 11424000
threads = 4; r = 18; it = 108; time = 67.632957; true time = 62.623108; total count = 1727568000; true count = 1599600000; count 1 = 12852000, count 2 = 1701864000, count 3 = 12852000
threads = 4; r = 19; it = 114; time = 71.324296; true time = 62.565172; total count = 1823544000; true count = 1599600000; count 1 = 14364000, count 2 = 1794816000, count 3 = 14364000
threads = 4; r = 20; it = 100; time = 62.549030; true time = 62.549030; total count = 1599600000; true count = 1599600000; count 1 = 13300000, count 2 = 1573000000, count 3 = 13300000

threads = 4; r = 1; it = 100; time = 63.182682; true time = 63.182682; total count = 1599600000; true count = 1599600000; count 1 = 0, count 2 = 1599600000, count 3 = 0
threads = 4; r = 2; it = 100; time = 62.688730; true time = 62.688730; total count = 1599600000; true count = 1599600000; count 1 = 700000, count 2 = 1598200000, count 3 = 700000
threads = 4; r = 3; it = 102; time = 63.947735; true time = 62.693858; total count = 1631592000; true count = 1599600000; count 1 = 1428000, count 2 = 1628736000, count 3 = 1428000
threads = 4; r = 4; it = 100; time = 62.937734; true time = 62.937734; total count = 1599600000; true count = 1599600000; count 1 = 2100000, count 2 = 1595400000, count 3 = 2100000
threads = 4; r = 5; it = 100; time = 62.574852; true time = 62.574852; total count = 1599600000; true count = 1599600000; count 1 = 2800000, count 2 = 1594000000, count 3 = 2800000
threads = 4; r = 6; it = 102; time = 64.093010; true time = 62.836284; total count = 1631592000; true count = 1599600000; count 1 = 3570000, count 2 = 1624452000, count 3 = 3570000
threads = 4; r = 7; it = 105; time = 65.420761; true time = 62.305487; total count = 1679580000; true count = 1599600000; count 1 = 4410000, count 2 = 1670760000, count 3 = 4410000
threads = 4; r = 8; it = 104; time = 64.265343; true time = 61.793599; total count = 1663584000; true count = 1599600000; count 1 = 5096000, count 2 = 1653392000, count 3 = 5096000
threads = 4; r = 9; it = 108; time = 67.235428; true time = 62.255026; total count = 1727568000; true count = 1599600000; count 1 = 6048000, count 2 = 1715472000, count 3 = 6048000
threads = 4; r = 10; it = 100; time = 62.386785; true time = 62.386785; total count = 1599600000; true count = 1599600000; count 1 = 6300000, count 2 = 1587000000, count 3 = 6300000
threads = 4; r = 11; it = 110; time = 68.497611; true time = 62.270556; total count = 1759560000; true count = 1599600000; count 1 = 7700000, count 2 = 1744160000, count 3 = 7700000
threads = 4; r = 12; it = 108; time = 66.929044; true time = 61.971337; total count = 1727568000; true count = 1599600000; count 1 = 8316000, count 2 = 1710936000, count 3 = 8316000
threads = 4; r = 13; it = 104; time = 64.782846; true time = 62.291198; total count = 1663584000; true count = 1599600000; count 1 = 8736000, count 2 = 1646112000, count 3 = 8736000
threads = 4; r = 14; it = 112; time = 69.606126; true time = 62.148326; total count = 1791552000; true count = 1599600000; count 1 = 10192000, count 2 = 1771168000, count 3 = 10192000
threads = 4; r = 15; it = 105; time = 65.956767; true time = 62.815968; total count = 1679580000; true count = 1599600000; count 1 = 10290000, count 2 = 1659000000, count 3 = 10290000
threads = 4; r = 16; it = 112; time = 69.974324; true time = 62.477075; total count = 1791552000; true count = 1599600000; count 1 = 11760000, count 2 = 1768032000, count 3 = 11760000
threads = 4; r = 17; it = 102; time = 63.960273; true time = 62.706150; total count = 1631592000; true count = 1599600000; count 1 = 11424000, count 2 = 1608744000, count 3 = 11424000
threads = 4; r = 18; it = 108; time = 68.174112; true time = 63.124177; total count = 1727568000; true count = 1599600000; count 1 = 12852000, count 2 = 1701864000, count 3 = 12852000
threads = 4; r = 19; it = 114; time = 74.307905; true time = 65.182373; total count = 1823544000; true count = 1599600000; count 1 = 14364000, count 2 = 1794816000, count 3 = 14364000
threads = 4; r = 20; it = 100; time = 63.009428; true time = 63.009428; total count = 1599600000; true count = 1599600000; count 1 = 13300000, count 2 = 1573000000, count 3 = 13300000

=======================================

threads = 8; r = 1; it = 100; time = 32.237661; true time = 32.237661; total count = 1599600000; true count = 1599600000; count 1 = 0, count 2 = 1599600000, count 3 = 0
threads = 8; r = 2; it = 100; time = 32.472144; true time = 32.472144; total count = 1599600000; true count = 1599600000; count 1 = 1500000, count 2 = 1596600000, count 3 = 1500000
threads = 8; r = 3; it = 102; time = 32.555000; true time = 31.916666; total count = 1631592000; true count = 1599600000; count 1 = 3060000, count 2 = 1625472000, count 3 = 3060000
threads = 8; r = 4; it = 100; time = 32.242884; true time = 32.242884; total count = 1599600000; true count = 1599600000; count 1 = 4500000, count 2 = 1590600000, count 3 = 4500000
threads = 8; r = 5; it = 100; time = 32.291897; true time = 32.291897; total count = 1599600000; true count = 1599600000; count 1 = 6000000, count 2 = 1587600000, count 3 = 6000000
threads = 8; r = 6; it = 102; time = 33.490687; true time = 32.834007; total count = 1631592000; true count = 1599600000; count 1 = 7650000, count 2 = 1616292000, count 3 = 7650000
threads = 8; r = 7; it = 105; time = 34.026192; true time = 32.405897; total count = 1679580000; true count = 1599600000; count 1 = 9450000, count 2 = 1660680000, count 3 = 9450000
threads = 8; r = 8; it = 104; time = 33.852608; true time = 32.550584; total count = 1663584000; true count = 1599600000; count 1 = 10920000, count 2 = 1641744000, count 3 = 10920000
threads = 8; r = 9; it = 108; time = 35.328881; true time = 32.711927; total count = 1727568000; true count = 1599600000; count 1 = 12960000, count 2 = 1701648000, count 3 = 12960000
threads = 8; r = 10; it = 100; time = 32.415800; true time = 32.415800; total count = 1599600000; true count = 1599600000; count 1 = 13500000, count 2 = 1572600000, count 3 = 13500000
threads = 8; r = 11; it = 110; time = 35.706091; true time = 32.460083; total count = 1759560000; true count = 1599600000; count 1 = 16500000, count 2 = 1726560000, count 3 = 16500000
threads = 8; r = 12; it = 108; time = 34.919959; true time = 32.333295; total count = 1727568000; true count = 1599600000; count 1 = 17820000, count 2 = 1691928000, count 3 = 17820000
threads = 8; r = 13; it = 104; time = 33.614836; true time = 32.321958; total count = 1663584000; true count = 1599600000; count 1 = 18720000, count 2 = 1626144000, count 3 = 18720000
threads = 8; r = 14; it = 112; time = 36.279623; true time = 32.392520; total count = 1791552000; true count = 1599600000; count 1 = 21840000, count 2 = 1747872000, count 3 = 21840000
threads = 8; r = 15; it = 105; time = 33.942695; true time = 32.326377; total count = 1679580000; true count = 1599600000; count 1 = 22050000, count 2 = 1635480000, count 3 = 22050000
threads = 8; r = 16; it = 112; time = 36.084386; true time = 32.218201; total count = 1791552000; true count = 1599600000; count 1 = 25200000, count 2 = 1741152000, count 3 = 25200000
threads = 8; r = 17; it = 102; time = 32.796756; true time = 32.153683; total count = 1631592000; true count = 1599600000; count 1 = 24480000, count 2 = 1582632000, count 3 = 24480000
threads = 8; r = 18; it = 108; time = 34.739744; true time = 32.166430; total count = 1727568000; true count = 1599600000; count 1 = 27540000, count 2 = 1672488000, count 3 = 27540000
threads = 8; r = 19; it = 114; time = 36.571266; true time = 32.080058; total count = 1823544000; true count = 1599600000; count 1 = 30780000, count 2 = 1761984000, count 3 = 30780000
threads = 8; r = 20; it = 100; time = 32.198261; true time = 32.198261; total count = 1599600000; true count = 1599600000; count 1 = 28500000, count 2 = 1542600000, count 3 = 28500000

threads = 8; r = 1; it = 100; time = 33.016996; true time = 33.016996; total count = 1599600000; true count = 1599600000; count 1 = 0, count 2 = 1599600000, count 3 = 0
threads = 8; r = 2; it = 100; time = 32.691207; true time = 32.691207; total count = 1599600000; true count = 1599600000; count 1 = 1500000, count 2 = 1596600000, count 3 = 1500000
threads = 8; r = 3; it = 102; time = 33.094832; true time = 32.445914; total count = 1631592000; true count = 1599600000; count 1 = 3060000, count 2 = 1625472000, count 3 = 3060000
threads = 8; r = 4; it = 100; time = 32.454290; true time = 32.454290; total count = 1599600000; true count = 1599600000; count 1 = 4500000, count 2 = 1590600000, count 3 = 4500000
threads = 8; r = 5; it = 100; time = 33.281168; true time = 33.281168; total count = 1599600000; true count = 1599600000; count 1 = 6000000, count 2 = 1587600000, count 3 = 6000000
threads = 8; r = 6; it = 102; time = 35.093594; true time = 34.405484; total count = 1631592000; true count = 1599600000; count 1 = 7650000, count 2 = 1616292000, count 3 = 7650000
threads = 8; r = 7; it = 105; time = 35.272780; true time = 33.593124; total count = 1679580000; true count = 1599600000; count 1 = 9450000, count 2 = 1660680000, count 3 = 9450000
threads = 8; r = 8; it = 104; time = 36.361980; true time = 34.963442; total count = 1663584000; true count = 1599600000; count 1 = 10920000, count 2 = 1641744000, count 3 = 10920000
threads = 8; r = 9; it = 108; time = 36.125558; true time = 33.449591; total count = 1727568000; true count = 1599600000; count 1 = 12960000, count 2 = 1701648000, count 3 = 12960000
threads = 8; r = 10; it = 100; time = 33.536114; true time = 33.536114; total count = 1599600000; true count = 1599600000; count 1 = 13500000, count 2 = 1572600000, count 3 = 13500000
threads = 8; r = 11; it = 110; time = 36.581940; true time = 33.256309; total count = 1759560000; true count = 1599600000; count 1 = 16500000, count 2 = 1726560000, count 3 = 16500000
threads = 8; r = 12; it = 108; time = 37.483099; true time = 34.706573; total count = 1727568000; true count = 1599600000; count 1 = 17820000, count 2 = 1691928000, count 3 = 17820000
threads = 8; r = 13; it = 104; time = 34.508534; true time = 33.181283; total count = 1663584000; true count = 1599600000; count 1 = 18720000, count 2 = 1626144000, count 3 = 18720000
threads = 8; r = 14; it = 112; time = 40.217514; true time = 35.908495; total count = 1791552000; true count = 1599600000; count 1 = 21840000, count 2 = 1747872000, count 3 = 21840000
threads = 8; r = 15; it = 105; time = 34.717296; true time = 33.064092; total count = 1679580000; true count = 1599600000; count 1 = 22050000, count 2 = 1635480000, count 3 = 22050000
threads = 8; r = 16; it = 112; time = 37.388967; true time = 33.383007; total count = 1791552000; true count = 1599600000; count 1 = 25200000, count 2 = 1741152000, count 3 = 25200000
threads = 8; r = 17; it = 102; time = 33.930920; true time = 33.265608; total count = 1631592000; true count = 1599600000; count 1 = 24480000, count 2 = 1582632000, count 3 = 24480000
threads = 8; r = 18; it = 108; time = 35.236418; true time = 32.626313; total count = 1727568000; true count = 1599600000; count 1 = 27540000, count 2 = 1672488000, count 3 = 27540000
threads = 8; r = 19; it = 114; time = 36.985163; true time = 32.443126; total count = 1823544000; true count = 1599600000; count 1 = 30780000, count 2 = 1761984000, count 3 = 30780000
threads = 8; r = 20; it = 100; time = 32.486711; true time = 32.486711; total count = 1599600000; true count = 1599600000; count 1 = 28500000, count 2 = 1542600000, count 3 = 28500000

=======================================

threads = 16; r = 1; it = 100; time = 28.780454; true time = 28.780454; total count = 1599600000; true count = 1599600000; count 1 = 0, count 2 = 1599600000, count 3 = 0
threads = 16; r = 2; it = 100; time = 28.375690; true time = 28.375690; total count = 1599600000; true count = 1599600000; count 1 = 3100000, count 2 = 1593400000, count 3 = 3100000
threads = 16; r = 3; it = 102; time = 29.744910; true time = 29.161677; total count = 1631592000; true count = 1599600000; count 1 = 6324000, count 2 = 1618944000, count 3 = 6324000
threads = 16; r = 4; it = 100; time = 30.687198; true time = 30.687198; total count = 1599600000; true count = 1599600000; count 1 = 9300000, count 2 = 1581000000, count 3 = 9300000
threads = 16; r = 5; it = 100; time = 29.954415; true time = 29.954415; total count = 1599600000; true count = 1599600000; count 1 = 12400000, count 2 = 1574800000, count 3 = 12400000
threads = 16; r = 6; it = 102; time = 29.933653; true time = 29.346718; total count = 1631592000; true count = 1599600000; count 1 = 15810000, count 2 = 1599972000, count 3 = 15810000
threads = 16; r = 7; it = 105; time = 31.505696; true time = 30.005425; total count = 1679580000; true count = 1599600000; count 1 = 19530000, count 2 = 1640520000, count 3 = 19530000
threads = 16; r = 8; it = 104; time = 30.989124; true time = 29.797235; total count = 1663584000; true count = 1599600000; count 1 = 22568000, count 2 = 1618448000, count 3 = 22568000
threads = 16; r = 9; it = 108; time = 32.151439; true time = 29.769851; total count = 1727568000; true count = 1599600000; count 1 = 26784000, count 2 = 1674000000, count 3 = 26784000
threads = 16; r = 10; it = 100; time = 29.125843; true time = 29.125843; total count = 1599600000; true count = 1599600000; count 1 = 27900000, count 2 = 1543800000, count 3 = 27900000
threads = 16; r = 11; it = 110; time = 33.325612; true time = 30.296010; total count = 1759560000; true count = 1599600000; count 1 = 34100000, count 2 = 1691360000, count 3 = 34100000
threads = 16; r = 12; it = 108; time = 31.307655; true time = 28.988569; total count = 1727568000; true count = 1599600000; count 1 = 36828000, count 2 = 1653912000, count 3 = 36828000
threads = 16; r = 13; it = 104; time = 30.348908; true time = 29.181643; total count = 1663584000; true count = 1599600000; count 1 = 38688000, count 2 = 1586208000, count 3 = 38688000
threads = 16; r = 14; it = 112; time = 32.472898; true time = 28.993659; total count = 1791552000; true count = 1599600000; count 1 = 45136000, count 2 = 1701280000, count 3 = 45136000
threads = 16; r = 15; it = 105; time = 30.968527; true time = 29.493835; total count = 1679580000; true count = 1599600000; count 1 = 45570000, count 2 = 1588440000, count 3 = 45570000
threads = 16; r = 16; it = 112; time = 32.843431; true time = 29.324492; total count = 1791552000; true count = 1599600000; count 1 = 52080000, count 2 = 1687392000, count 3 = 52080000
threads = 16; r = 17; it = 102; time = 29.401407; true time = 28.824909; total count = 1631592000; true count = 1599600000; count 1 = 50592000, count 2 = 1530408000, count 3 = 50592000
threads = 16; r = 18; it = 108; time = 31.364930; true time = 29.041602; total count = 1727568000; true count = 1599600000; count 1 = 56916000, count 2 = 1613736000, count 3 = 56916000
threads = 16; r = 19; it = 114; time = 33.370665; true time = 29.272513; total count = 1823544000; true count = 1599600000; count 1 = 63612000, count 2 = 1696320000, count 3 = 63612000
threads = 16; r = 20; it = 100; time = 28.676195; true time = 28.676195; total count = 1599600000; true count = 1599600000; count 1 = 58900000, count 2 = 1481800000, count 3 = 58900000

threads = 16; r = 1; it = 100; time = 30.625099; true time = 30.625099; total count = 1599600000; true count = 1599600000; count 1 = 0, count 2 = 1599600000, count 3 = 0
threads = 16; r = 2; it = 100; time = 29.811149; true time = 29.811149; total count = 1599600000; true count = 1599600000; count 1 = 3100000, count 2 = 1593400000, count 3 = 3100000
threads = 16; r = 3; it = 102; time = 30.166055; true time = 29.574564; total count = 1631592000; true count = 1599600000; count 1 = 6324000, count 2 = 1618944000, count 3 = 6324000
threads = 16; r = 4; it = 100; time = 29.554529; true time = 29.554529; total count = 1599600000; true count = 1599600000; count 1 = 9300000, count 2 = 1581000000, count 3 = 9300000
threads = 16; r = 5; it = 100; time = 29.630831; true time = 29.630831; total count = 1599600000; true count = 1599600000; count 1 = 12400000, count 2 = 1574800000, count 3 = 12400000
threads = 16; r = 6; it = 102; time = 30.456788; true time = 29.859596; total count = 1631592000; true count = 1599600000; count 1 = 15810000, count 2 = 1599972000, count 3 = 15810000
threads = 16; r = 7; it = 105; time = 32.105769; true time = 30.576923; total count = 1679580000; true count = 1599600000; count 1 = 19530000, count 2 = 1640520000, count 3 = 19530000
threads = 16; r = 8; it = 104; time = 31.412604; true time = 30.204427; total count = 1663584000; true count = 1599600000; count 1 = 22568000, count 2 = 1618448000, count 3 = 22568000
threads = 16; r = 9; it = 108; time = 32.100224; true time = 29.722429; total count = 1727568000; true count = 1599600000; count 1 = 26784000, count 2 = 1674000000, count 3 = 26784000
threads = 16; r = 10; it = 100; time = 29.949515; true time = 29.949515; total count = 1599600000; true count = 1599600000; count 1 = 27900000, count 2 = 1543800000, count 3 = 27900000
threads = 16; r = 11; it = 110; time = 33.015134; true time = 30.013758; total count = 1759560000; true count = 1599600000; count 1 = 34100000, count 2 = 1691360000, count 3 = 34100000
threads = 16; r = 12; it = 108; time = 31.980258; true time = 29.611350; total count = 1727568000; true count = 1599600000; count 1 = 36828000, count 2 = 1653912000, count 3 = 36828000
threads = 16; r = 13; it = 104; time = 31.402792; true time = 30.194992; total count = 1663584000; true count = 1599600000; count 1 = 38688000, count 2 = 1586208000, count 3 = 38688000
threads = 16; r = 14; it = 112; time = 33.075516; true time = 29.531711; total count = 1791552000; true count = 1599600000; count 1 = 45136000, count 2 = 1701280000, count 3 = 45136000
threads = 16; r = 15; it = 105; time = 31.131779; true time = 29.649313; total count = 1679580000; true count = 1599600000; count 1 = 45570000, count 2 = 1588440000, count 3 = 45570000
threads = 16; r = 16; it = 112; time = 33.718063; true time = 30.105413; total count = 1791552000; true count = 1599600000; count 1 = 52080000, count 2 = 1687392000, count 3 = 52080000
threads = 16; r = 17; it = 102; time = 29.992889; true time = 29.404793; total count = 1631592000; true count = 1599600000; count 1 = 50592000, count 2 = 1530408000, count 3 = 50592000
threads = 16; r = 18; it = 108; time = 31.591450; true time = 29.251342; total count = 1727568000; true count = 1599600000; count 1 = 56916000, count 2 = 1613736000, count 3 = 56916000
threads = 16; r = 19; it = 114; time = 33.050567; true time = 28.991726; total count = 1823544000; true count = 1599600000; count 1 = 63612000, count 2 = 1696320000, count 3 = 63612000
threads = 16; r = 20; it = 100; time = 29.039621; true time = 29.039621; total count = 1599600000; true count = 1599600000; count 1 = 58900000, count 2 = 1481800000, count 3 = 58900000

=======================================

threads = 32; r = 1; it = 100; time = 27.906438; true time = 27.906438; total count = 1599600000; true count = 1599600000; count 1 = 0, count 2 = 1599600000, count 3 = 0
threads = 32; r = 2; it = 100; time = 27.452963; true time = 27.452963; total count = 1599600000; true count = 1599600000; count 1 = 6300000, count 2 = 1587000000, count 3 = 6300000
threads = 32; r = 3; it = 102; time = 28.769787; true time = 28.205673; total count = 1631592000; true count = 1599600000; count 1 = 12852000, count 2 = 1605888000, count 3 = 12852000
threads = 32; r = 4; it = 100; time = 27.338233; true time = 27.338233; total count = 1599600000; true count = 1599600000; count 1 = 18900000, count 2 = 1561800000, count 3 = 18900000
threads = 32; r = 5; it = 100; time = 27.775144; true time = 27.775144; total count = 1599600000; true count = 1599600000; count 1 = 25200000, count 2 = 1549200000, count 3 = 25200000
threads = 32; r = 6; it = 102; time = 28.799565; true time = 28.234868; total count = 1631592000; true count = 1599600000; count 1 = 32130000, count 2 = 1567332000, count 3 = 32130000
threads = 32; r = 7; it = 105; time = 28.973598; true time = 27.593903; total count = 1679580000; true count = 1599600000; count 1 = 39690000, count 2 = 1600200000, count 3 = 39690000
threads = 32; r = 8; it = 104; time = 28.906445; true time = 27.794659; total count = 1663584000; true count = 1599600000; count 1 = 45864000, count 2 = 1571856000, count 3 = 45864000
threads = 32; r = 9; it = 108; time = 30.102443; true time = 27.872633; total count = 1727568000; true count = 1599600000; count 1 = 54432000, count 2 = 1618704000, count 3 = 54432000
threads = 32; r = 10; it = 100; time = 27.681508; true time = 27.681508; total count = 1599600000; true count = 1599600000; count 1 = 56700000, count 2 = 1486200000, count 3 = 56700000
threads = 32; r = 11; it = 110; time = 30.075038; true time = 27.340943; total count = 1759560000; true count = 1599600000; count 1 = 69300000, count 2 = 1620960000, count 3 = 69300000
threads = 32; r = 12; it = 108; time = 29.135290; true time = 26.977120; total count = 1727568000; true count = 1599600000; count 1 = 74844000, count 2 = 1577880000, count 3 = 74844000
threads = 32; r = 13; it = 104; time = 28.674524; true time = 27.571658; total count = 1663584000; true count = 1599600000; count 1 = 78624000, count 2 = 1506336000, count 3 = 78624000
threads = 32; r = 14; it = 112; time = 30.949500; true time = 27.633483; total count = 1791552000; true count = 1599600000; count 1 = 91728000, count 2 = 1608096000, count 3 = 91728000
threads = 32; r = 15; it = 105; time = 29.164416; true time = 27.775634; total count = 1679580000; true count = 1599600000; count 1 = 92610000, count 2 = 1494360000, count 3 = 92610000
threads = 32; r = 16; it = 112; time = 30.568564; true time = 27.293361; total count = 1791552000; true count = 1599600000; count 1 = 105840000, count 2 = 1579872000, count 3 = 105840000
threads = 32; r = 17; it = 102; time = 27.914004; true time = 27.366670; total count = 1631592000; true count = 1599600000; count 1 = 102816000, count 2 = 1425960000, count 3 = 102816000
threads = 32; r = 18; it = 108; time = 28.844001; true time = 26.707408; total count = 1727568000; true count = 1599600000; count 1 = 115668000, count 2 = 1496232000, count 3 = 115668000
threads = 32; r = 19; it = 114; time = 31.136813; true time = 27.312993; total count = 1823544000; true count = 1599600000; count 1 = 129276000, count 2 = 1564992000, count 3 = 129276000
threads = 32; r = 20; it = 100; time = 27.449885; true time = 27.449885; total count = 1599600000; true count = 1599600000; count 1 = 119700000, count 2 = 1360200000, count 3 = 119700000

threads = 32; r = 1; it = 100; time = 28.170252; true time = 28.170252; total count = 1599600000; true count = 1599600000; count 1 = 0, count 2 = 1599600000, count 3 = 0
threads = 32; r = 2; it = 100; time = 27.432032; true time = 27.432032; total count = 1599600000; true count = 1599600000; count 1 = 6300000, count 2 = 1587000000, count 3 = 6300000
threads = 32; r = 3; it = 102; time = 28.025595; true time = 27.476073; total count = 1631592000; true count = 1599600000; count 1 = 12852000, count 2 = 1605888000, count 3 = 12852000
threads = 32; r = 4; it = 100; time = 29.347633; true time = 29.347633; total count = 1599600000; true count = 1599600000; count 1 = 18900000, count 2 = 1561800000, count 3 = 18900000
threads = 32; r = 5; it = 100; time = 28.537696; true time = 28.537696; total count = 1599600000; true count = 1599600000; count 1 = 25200000, count 2 = 1549200000, count 3 = 25200000
threads = 32; r = 6; it = 102; time = 29.064917; true time = 28.495017; total count = 1631592000; true count = 1599600000; count 1 = 32130000, count 2 = 1567332000, count 3 = 32130000
threads = 32; r = 7; it = 105; time = 29.445818; true time = 28.043636; total count = 1679580000; true count = 1599600000; count 1 = 39690000, count 2 = 1600200000, count 3 = 39690000
threads = 32; r = 8; it = 104; time = 28.701235; true time = 27.597342; total count = 1663584000; true count = 1599600000; count 1 = 45864000, count 2 = 1571856000, count 3 = 45864000
threads = 32; r = 9; it = 108; time = 30.419613; true time = 28.166308; total count = 1727568000; true count = 1599600000; count 1 = 54432000, count 2 = 1618704000, count 3 = 54432000
threads = 32; r = 10; it = 100; time = 27.466347; true time = 27.466347; total count = 1599600000; true count = 1599600000; count 1 = 56700000, count 2 = 1486200000, count 3 = 56700000
threads = 32; r = 11; it = 110; time = 30.580127; true time = 27.800115; total count = 1759560000; true count = 1599600000; count 1 = 69300000, count 2 = 1620960000, count 3 = 69300000
threads = 32; r = 12; it = 108; time = 29.986501; true time = 27.765279; total count = 1727568000; true count = 1599600000; count 1 = 74844000, count 2 = 1577880000, count 3 = 74844000
threads = 32; r = 13; it = 104; time = 29.475929; true time = 28.342239; total count = 1663584000; true count = 1599600000; count 1 = 78624000, count 2 = 1506336000, count 3 = 78624000
threads = 32; r = 14; it = 112; time = 31.417314; true time = 28.051173; total count = 1791552000; true count = 1599600000; count 1 = 91728000, count 2 = 1608096000, count 3 = 91728000
threads = 32; r = 15; it = 105; time = 29.399582; true time = 27.999602; total count = 1679580000; true count = 1599600000; count 1 = 92610000, count 2 = 1494360000, count 3 = 92610000
threads = 32; r = 16; it = 112; time = 31.243391; true time = 27.895885; total count = 1791552000; true count = 1599600000; count 1 = 105840000, count 2 = 1579872000, count 3 = 105840000
threads = 32; r = 17; it = 102; time = 27.876163; true time = 27.329572; total count = 1631592000; true count = 1599600000; count 1 = 102816000, count 2 = 1425960000, count 3 = 102816000
threads = 32; r = 18; it = 108; time = 30.009905; true time = 27.786949; total count = 1727568000; true count = 1599600000; count 1 = 115668000, count 2 = 1496232000, count 3 = 115668000
threads = 32; r = 19; it = 114; time = 31.054387; true time = 27.240691; total count = 1823544000; true count = 1599600000; count 1 = 129276000, count 2 = 1564992000, count 3 = 129276000
threads = 32; r = 20; it = 100; time = 27.631539; true time = 27.631539; total count = 1599600000; true count = 1599600000; count 1 = 119700000, count 2 = 1360200000, count 3 = 119700000

=======================================

threads = 64; r = 1; it = 100; time = 24.940372; true time = 24.940372; total count = 1599600000; true count = 1599600000; count 1 = 0, count 2 = 1599600000, count 3 = 0
threads = 64; r = 2; it = 100; time = 25.515956; true time = 25.515956; total count = 1599600000; true count = 1599600000; count 1 = 12700000, count 2 = 1574200000, count 3 = 12700000
threads = 64; r = 3; it = 102; time = 25.890717; true time = 25.383056; total count = 1631592000; true count = 1599600000; count 1 = 25908000, count 2 = 1579776000, count 3 = 25908000
threads = 64; r = 4; it = 100; time = 25.221579; true time = 25.221579; total count = 1599600000; true count = 1599600000; count 1 = 38100000, count 2 = 1523400000, count 3 = 38100000
threads = 64; r = 5; it = 100; time = 25.513657; true time = 25.513657; total count = 1599600000; true count = 1599600000; count 1 = 50800000, count 2 = 1498000000, count 3 = 50800000
threads = 64; r = 6; it = 102; time = 25.809419; true time = 25.303352; total count = 1631592000; true count = 1599600000; count 1 = 64770000, count 2 = 1502052000, count 3 = 64770000
threads = 64; r = 7; it = 105; time = 26.398354; true time = 25.141290; total count = 1679580000; true count = 1599600000; count 1 = 80010000, count 2 = 1519560000, count 3 = 80010000
threads = 64; r = 8; it = 104; time = 25.928878; true time = 24.931614; total count = 1663584000; true count = 1599600000; count 1 = 92456000, count 2 = 1478672000, count 3 = 92456000
threads = 64; r = 9; it = 108; time = 26.886399; true time = 24.894814; total count = 1727568000; true count = 1599600000; count 1 = 109728000, count 2 = 1508112000, count 3 = 109728000
threads = 64; r = 10; it = 100; time = 24.993112; true time = 24.993112; total count = 1599600000; true count = 1599600000; count 1 = 114300000, count 2 = 1371000000, count 3 = 114300000
threads = 64; r = 11; it = 110; time = 27.100391; true time = 24.636719; total count = 1759560000; true count = 1599600000; count 1 = 139700000, count 2 = 1480160000, count 3 = 139700000
threads = 64; r = 12; it = 108; time = 26.716130; true time = 24.737158; total count = 1727568000; true count = 1599600000; count 1 = 150876000, count 2 = 1425816000, count 3 = 150876000
threads = 64; r = 13; it = 104; time = 25.621511; true time = 24.636068; total count = 1663584000; true count = 1599600000; count 1 = 158496000, count 2 = 1346592000, count 3 = 158496000
threads = 64; r = 14; it = 112; time = 27.753154; true time = 24.779602; total count = 1791552000; true count = 1599600000; count 1 = 184912000, count 2 = 1421728000, count 3 = 184912000
threads = 64; r = 15; it = 105; time = 25.867031; true time = 24.635267; total count = 1679580000; true count = 1599600000; count 1 = 186690000, count 2 = 1306200000, count 3 = 186690000
threads = 64; r = 16; it = 112; time = 27.391728; true time = 24.456900; total count = 1791552000; true count = 1599600000; count 1 = 213360000, count 2 = 1364832000, count 3 = 213360000
threads = 64; r = 17; it = 102; time = 25.139750; true time = 24.646814; total count = 1631592000; true count = 1599600000; count 1 = 207264000, count 2 = 1217064000, count 3 = 207264000
threads = 64; r = 18; it = 108; time = 26.742802; true time = 24.761854; total count = 1727568000; true count = 1599600000; count 1 = 233172000, count 2 = 1261224000, count 3 = 233172000
threads = 64; r = 19; it = 114; time = 27.654726; true time = 24.258531; total count = 1823544000; true count = 1599600000; count 1 = 260604000, count 2 = 1302336000, count 3 = 260604000
threads = 64; r = 20; it = 100; time = 24.452267; true time = 24.452267; total count = 1599600000; true count = 1599600000; count 1 = 241300000, count 2 = 1117000000, count 3 = 241300000

threads = 64; r = 1; it = 100; time = 25.895597; true time = 25.895597; total count = 1599600000; true count = 1599600000; count 1 = 0, count 2 = 1599600000, count 3 = 0
threads = 64; r = 2; it = 100; time = 25.828296; true time = 25.828296; total count = 1599600000; true count = 1599600000; count 1 = 12700000, count 2 = 1574200000, count 3 = 12700000
threads = 64; r = 3; it = 102; time = 26.521885; true time = 26.001848; total count = 1631592000; true count = 1599600000; count 1 = 25908000, count 2 = 1579776000, count 3 = 25908000
threads = 64; r = 4; it = 100; time = 26.039190; true time = 26.039190; total count = 1599600000; true count = 1599600000; count 1 = 38100000, count 2 = 1523400000, count 3 = 38100000
threads = 64; r = 5; it = 100; time = 25.857308; true time = 25.857308; total count = 1599600000; true count = 1599600000; count 1 = 50800000, count 2 = 1498000000, count 3 = 50800000
threads = 64; r = 6; it = 102; time = 26.134213; true time = 25.621777; total count = 1631592000; true count = 1599600000; count 1 = 64770000, count 2 = 1502052000, count 3 = 64770000
threads = 64; r = 7; it = 105; time = 27.230533; true time = 25.933841; total count = 1679580000; true count = 1599600000; count 1 = 80010000, count 2 = 1519560000, count 3 = 80010000
threads = 64; r = 8; it = 104; time = 26.783587; true time = 25.753449; total count = 1663584000; true count = 1599600000; count 1 = 92456000, count 2 = 1478672000, count 3 = 92456000
threads = 64; r = 9; it = 108; time = 27.764536; true time = 25.707903; total count = 1727568000; true count = 1599600000; count 1 = 109728000, count 2 = 1508112000, count 3 = 109728000
threads = 64; r = 10; it = 100; time = 25.882477; true time = 25.882477; total count = 1599600000; true count = 1599600000; count 1 = 114300000, count 2 = 1371000000, count 3 = 114300000
threads = 64; r = 11; it = 110; time = 28.360998; true time = 25.782725; total count = 1759560000; true count = 1599600000; count 1 = 139700000, count 2 = 1480160000, count 3 = 139700000
threads = 64; r = 12; it = 108; time = 27.878880; true time = 25.813778; total count = 1727568000; true count = 1599600000; count 1 = 150876000, count 2 = 1425816000, count 3 = 150876000
threads = 64; r = 13; it = 104; time = 26.373653; true time = 25.359281; total count = 1663584000; true count = 1599600000; count 1 = 158496000, count 2 = 1346592000, count 3 = 158496000
threads = 64; r = 14; it = 112; time = 28.638466; true time = 25.570059; total count = 1791552000; true count = 1599600000; count 1 = 184912000, count 2 = 1421728000, count 3 = 184912000
threads = 64; r = 15; it = 105; time = 26.873309; true time = 25.593627; total count = 1679580000; true count = 1599600000; count 1 = 186690000, count 2 = 1306200000, count 3 = 186690000
threads = 64; r = 16; it = 112; time = 28.596472; true time = 25.532565; total count = 1791552000; true count = 1599600000; count 1 = 213360000, count 2 = 1364832000, count 3 = 213360000
threads = 64; r = 17; it = 102; time = 25.985727; true time = 25.476203; total count = 1631592000; true count = 1599600000; count 1 = 207264000, count 2 = 1217064000, count 3 = 207264000
threads = 64; r = 18; it = 108; time = 27.412729; true time = 25.382157; total count = 1727568000; true count = 1599600000; count 1 = 233172000, count 2 = 1261224000, count 3 = 233172000
threads = 64; r = 19; it = 114; time = 29.048766; true time = 25.481373; total count = 1823544000; true count = 1599600000; count 1 = 260604000, count 2 = 1302336000, count 3 = 260604000
threads = 64; r = 20; it = 100; time = 24.871625; true time = 24.871625; total count = 1599600000; true count = 1599600000; count 1 = 241300000, count 2 = 1117000000, count 3 = 241300000

=======================================